<!DOCTYPE mapper PUBLIC "-//mybatis.org//DTD Mapper 3.0//EN" "http://mybatis.org/dtd/mybatis-3-mapper.dtd">



<mapper namespace="com.cxy.dao.EmpDAO">

    <!--
    <cache type="com.cxy.cache.RedisCache"/>
    -->

    <!--save-->
    <insert id="save" parameterType="com.cxy.entity.Emp" useGeneratedKeys="true" keyProperty="id">
        insert  into employee values(#{id},#{name},#{age},#{picpath},#{salary})
    </insert>

    <!--findAll-->
    <select id="findAll" resultType="Emp">
        select id,name,age,picpath,salary from employee
    </select>

    <!--delete-->
    <delete id="delete" parameterType="String">
        delete from employee where id = #{id}
    </delete>

    <!--findOne-->
    <select id="findOne" parameterType="String" resultType="Emp">
        select id,name,age,picpath,salary from employee
        where id = #{id}
    </select>

    <!--update-->
    <update id="update" parameterType="Emp">
        update employee set
        name =#{name},
        age = #{age},
        picpath = #{picpath},
        salary = #{salary}
        where
        id = #{id}
    </update>
</mapper>